{"total_loss": [0.11579300942165512, 0.1088843017461754, 0.10814429083395571], "total_iou_5": [0.955211551416488, 0.9421984893935067, 0.9392250393118177], "total_dice": [0.9150992915743873, 0.8911132358369374, 0.8858459889888763], "test_total_loss": [0.12873462587594986, 0.12901124358177185, 0.12997020284334818], "test_total_iou_5": [0.9407871961593628, 0.943967878818512, 0.9485790332158407], "test_total_dice": [0.8882300853729248, 0.8939922650655111, 0.9022804697354635]}