{"total_loss": [0.28914507031440734], "total_iou_5": [0.9800976395606995], "total_dice": [0.9633913040161133], "test_total_loss": [0.17481359839439392], "test_total_iou_5": [0.9770662784576416], "test_total_dice": [0.9551962614059448]}