{"total_loss": [0.6282999999999966, 0.5631000000000032, 0.5082999999999969, 0.4601999999999982, 0.4202000000000008, 0.3894000000000025, 0.3641000000000023, 0.3501000000000015, 0.3372000000000008, 0.32960000000000045, 0.3243000000000001, 0.3209000000000001, 0.3178, 0.31470000000000004, 0.3118999999999998, 0.30879999999999974, 0.30579999999999985, 0.3019999999999999, 0.29849999999999977, 0.29439999999999966], "total_iou_5": [0.10830000000000017, 0.11150000000000004, 0.11589999999999984, 0.11999999999999968, 0.12069999999999967, 0.12079999999999967, 0.12099999999999968, 0.12099999999999968, 0.12099999999999968, 0.12099999999999968, 0.12099999999999968, 0.12099999999999968, 0.12099999999999968, 0.12099999999999968, 0.12099999999999968, 0.12099999999999968, 0.12099999999999968, 0.12099999999999968, 0.12099999999999968, 0.12099999999999968], "total_iou_7": [0.033099999999999914, 0.04880000000000013, 0.05700000000000015, 0.0635000000000001, 0.06880000000000015, 0.07960000000000032, 0.08780000000000028, 0.09190000000000037, 0.09520000000000035, 0.09600000000000036, 0.09690000000000035, 0.09670000000000034, 0.09630000000000037, 0.09520000000000035, 0.09330000000000034, 0.09180000000000037, 0.09090000000000038, 0.0895000000000004, 0.08720000000000036, 0.08480000000000039], "total_dice": [0.899699999999996, 0.8958999999999961, 0.8934999999999963, 0.8908999999999966, 0.8877999999999966, 0.8866999999999967, 0.8854999999999968, 0.8853999999999969, 0.8847999999999968, 0.8842999999999969, 0.8844999999999968, 0.8842999999999969, 0.8842999999999969, 0.8843999999999969, 0.8847999999999968, 0.8848999999999968, 0.8846999999999968, 0.8846999999999968, 0.8849999999999968, 0.8851999999999968], "test_total_loss": [0.6058, 0.5591, 0.5135, 0.4783, 0.4518, 0.4334, 0.4206, 0.4157, 0.4128, 0.4116, 0.4103, 0.4089, 0.4109, 0.4115, 0.4134, 0.4169, 0.4197, 0.4305, 0.439, 0.4398], "test_total_iou_5": [0.1384, 0.1511, 0.1517, 0.1649, 0.1666, 0.1678, 0.1674, 0.1689, 0.1697, 0.1687, 0.1698, 0.1695, 0.1694, 0.17, 0.1703, 0.1696, 0.1702, 0.1711, 0.1697, 0.1697], "test_total_iou_7": [0.1095, 0.1269, 0.1305, 0.1446, 0.1462, 0.1483, 0.1477, 0.1488, 0.1495, 0.1488, 0.1495, 0.1503, 0.1497, 0.151, 0.1503, 0.1491, 0.1524, 0.1507, 0.1516, 0.1507], "test_total_dice": [0.9881, 0.9941, 0.9983, 1.0001, 1.0, 0.9989, 0.9978, 0.9997, 0.9999, 0.9991, 0.9997, 0.9998, 0.9993, 0.9995, 1.0002, 1.0002, 0.9996, 1.0002, 0.9996, 0.9998]}