{"total_loss": [0.6941333333333334, 0.6812809523809523, 0.6623619047619046, 0.6384285714285716, 0.6206190476190476, 0.6113761904761905, 0.6071285714285714, 0.6053809523809522, 0.6046761904761905, 0.6044190476190477], "total_iou_5": [0.1004904761904762, 0.09727619047619046, 0.0945142857142857, 0.09278095238095238, 0.09139523809523808, 0.09089999999999998, 0.09062857142857142, 0.09058095238095236, 0.09051428571428571, 0.09052857142857142], "total_dice": [0.8382142857142858, 0.8420142857142856, 0.8451619047619048, 0.8479952380952382, 0.8500285714285715, 0.850847619047619, 0.851247619047619, 0.8514285714285712, 0.8515285714285715, 0.851552380952381], "test_total_loss": [0.6876, 0.6759, 0.6579, 0.649, 0.6426, 0.64, 0.6389, 0.6395, 0.6395, 0.6389], "test_total_iou_5": [0.1408, 0.1372, 0.1343, 0.1341, 0.1322, 0.1313, 0.131, 0.1312, 0.1311, 0.1315], "test_total_dice": [0.7786, 0.7829, 0.7873, 0.7882, 0.7907, 0.7919, 0.792, 0.7921, 0.7925, 0.7917]}